first_name,last_name,email,company
Alex,Rivera,alex.rivera@example.com,TechFlow
Sarah,Connor,sarah.c@cyberdyne.io,Cyberdyne Systems
Michael,Scott,m.scott@dundermifflin.paper,Dunder Mifflin
Elena,Rostova,elena.rostova@outboxlabs.com,Outbox Labs
David,Kim,david.kim@innovate.co,Innovate Inc
Jessica,Pearson,jessica@pearsonhardman.legal,Pearson Hardman
Marcus,Aurelius,marcus@philosophy.org,Stoic Capital
Samantha,Jones,samantha@pr-power.agency,PR Power
Bruce,Wayne,bruce.wayne@wayneenterprises.com,Wayne Enterprises
Rachel,Green,rachel.green@ralphlauren.fashion,Ralph Lauren
Tony,Stark,tony@starkindustries.tech,Stark Industries
Diana,Prince,diana.prince@themyscira.gov,Themyscira Global
